-- 행동 더미 데이터

INSERT INTO RECOMMENDED_ACTIONS (id, action)
VALUES (1, '일기 쓰기')
     , (2, '음악 듣기')
     , (3, '따뜻한 물로 샤워하기')
     , (4, '산책하기')
     , (5, '영화 보기')
     , (6, '떡볶이 먹기')
     , (7, '친구와 전화하기')
     , (8, '웃긴 영상 보기')
     , (9, '명상하기')
     , (10, '방 청소하기')
     , (11, '향초 켜기')
     , (12, '요가하기')
     , (13, '차 마시기')
     , (14, '게임하기')
     , (15, '새로운 취미 시도하기')
     , (16, '드라이브하기')
     , (17, '동물 영상 보기')
     , (18, '책 읽기')
     , (19, '그림 그리기')
     , (20, '퍼즐 맞추기')
     , (21, '식물 돌보기')
     , (22, '새로운 레시피로 요리해보기')
     , (23, '온라인 쇼핑몰 구경하기')
     , (24, '미래의 나에게 편지 쓰기')
     , (25, '향수 뿌리기')
     , (26, '새로운 음악 찾아보기')
     , (27, '따뜻한 담요에 감싸이기')
     , (28, '창밖 하늘 보기')
     , (29, '좋아하는 장면 캡처해서 앨범 만들기')
     , (30, '사진 찍기')
     , (31, 'ASMR 듣기')
     , (32, '쿠션 포옹하기')
     , (33, 'SNS 쉬기')
     , (34, '재밌는 밈 모으기')
     , (35, '보드게임하기')
     , (36, '긍정적인 문장 소리 내어 말하기')
     , (37, '하루를 돌아보며 감사한 것 3가지 적기')
     , (38, '버킷리스트 작성하기')
     , (39, '옷장 정리하기')
     , (40, '홈트하기')
     , (41, '조깅하기')
     , (42, '손톱 정리하기')
     , (43, '좋아하는 캐릭터 굿즈 보기')
     , (44, '과거의 추억 사진 보기')
     , (45, '고양이나 강아지 산책 시키기')
     , (46, '온라인으로 전시나 공연 보기')
     , (47, '가볍게 춤추기')
     , (48, '마인드맵 그려보기')
     , (49, '누워서 눈 감고 아무 생각 안 하기')
     , (50, '오늘 하루 수고했다고 스스로 칭찬하기');

INSERT INTO ACTION_TAG (id, name, parent_action_tag_id)
VALUES (1, '', NULL)
     , (2, '', NULL)
     , (3, '', NULL)
     , (4, '', NULL)
     , (5, '', NULL)
     , (6, '', NULL)
     , (7, '', NULL)
     , (8, '', NULL)
     , (9, '', NULL)
     , (10, '', NULL)
     , (11, '', NULL)
     , (12, '', NULL)
     , (13, '', NULL)
     , (14, '', NULL)
     , (15, '', NULL)
     , (16, '', NULL)
     , (17, '', NULL)
     , (18, '', NULL)
     , (19, '', NULL)
     , (20, '', NULL)
     , (21, '', NULL)
     , (22, '', NULL)
     , (23, '', NULL)
     , (24, '', NULL)
     , (25, '', NULL)
     , (26, '', NULL)
     , (27, '', NULL)
     , (28, '', NULL)
     , (29, '', NULL)
     , (30, '', NULL)
     , (31, '', NULL)
     , (32, '', NULL)
     , (33, '', NULL)
     , (34, '', NULL)
     , (35, '', NULL)
     , (36, '', NULL)
     , (37, '', NULL)
     , (38, '', NULL)
     , (39, '', NULL)
     , (40, '', NULL)
     , (41, '', NULL)
     , (42, '', NULL)
     , (43, '', NULL)
     , (44, '', NULL)
     , (45, '', NULL)
     , (46, '', NULL)
     , (47, '', NULL)
     , (48, '', NULL)
     , (49, '', NULL)
     , (50, '', NULL);

/*
INSERT INTO TAGGED_RECOMMENDED_ACTIONS (recommended_actions_id, action_tag_id)
VALUES (1, )
     , (2, )
     , (3, )
     , (4, )
     , (5, )
     , (6, )
     , (7, )
     , (8, )
     , (9, )
     , (10, )
     , (11, )
     , (12, )
     , (13, )
     , (14, )
     , (15, )
     , (16, )
     , (17, )
     , (18, )
     , (19, )
     , (20, )
     , (21, )
     , (22, )
     , (23, )
     , (24, )
     , (25, )
     , (26, )
     , (27, )
     , (28, )
     , (29, )
     , (30, )
     , (31, )
     , (32, )
     , (33, )
     , (34, )
     , (35, )
     , (36, )
     , (37, )
     , (38, )
     , (39, )
     , (40, )
     , (41, )
     , (42, )
     , (43, )
     , (44, )
     , (45, )
     , (46, )
     , (47, )
     , (48, )
     , (49, )
     , (50, );
 */

-- 임시 USER 더미 데이터
INSERT INTO USER (id)
VALUES (-1)
     , (1)
     , (2)
     , (3)
     , (4)
     , (5)
     , (6);

INSERT INTO USER_PREFERENCES (user_id, action_tag_id, weight, last_recommended_at)
VALUES (1, 1, 50, '2025-04-22 12:00:00')
     , (1, 2, 50, '2025-04-22 12:00:00')
     , (1, 3, 50, '2025-04-22 12:00:00')
     , (1, 4, 50, '2025-04-22 12:00:00')
     , (1, 5, 50, '2025-04-22 12:00:00')
     , (1, 6, 50, '2025-04-22 12:00:00')
     , (1, 7, 50, '2025-04-22 12:00:00')
     , (1, 8, 50, '2025-04-22 12:00:00')
     , (1, 9, 50, '2025-04-22 12:00:00')
     , (1, 10, 50, '2025-04-22 12:00:00')
     , (1, 11, 50, '2025-04-22 12:00:00')
     , (1, 12, 50, '2025-04-22 12:00:00')
     , (1, 13, 50, '2025-04-22 12:00:00')
     , (1, 14, 50, '2025-04-22 12:00:00')
     , (1, 15, 50, '2025-04-22 12:00:00')
     , (1, 16, 50, '2025-04-22 12:00:00')
     , (1, 17, 50, '2025-04-22 12:00:00')
     , (1, 18, 50, '2025-04-22 12:00:00')
     , (1, 19, 50, '2025-04-22 12:00:00')
     , (1, 20, 50, '2025-04-22 12:00:00')
     , (1, 21, 50, '2025-04-22 12:00:00')
     , (1, 22, 50, '2025-04-22 12:00:00')
     , (1, 23, 50, '2025-04-22 12:00:00')
     , (1, 24, 50, '2025-04-22 12:00:00')
     , (1, 25, 50, '2025-04-22 12:00:00')
     , (1, 26, 50, '2025-04-22 12:00:00')
     , (1, 27, 50, '2025-04-22 12:00:00')
     , (1, 28, 50, '2025-04-22 12:00:00')
     , (1, 29, 50, '2025-04-22 12:00:00')
     , (1, 30, 50, '2025-04-22 12:00:00')
     , (1, 31, 50, '2025-04-22 12:00:00')
     , (1, 32, 50, '2025-04-22 12:00:00')
     , (1, 33, 50, '2025-04-22 12:00:00')
     , (1, 34, 50, '2025-04-22 12:00:00')
     , (1, 35, 50, '2025-04-22 12:00:00')
     , (1, 36, 50, '2025-04-22 12:00:00')
     , (1, 37, 50, '2025-04-22 12:00:00')
     , (1, 38, 50, '2025-04-22 12:00:00')
     , (1, 39, 50, '2025-04-22 12:00:00')
     , (1, 40, 50, '2025-04-22 12:00:00')
     , (1, 41, 50, '2025-04-22 12:00:00')
     , (1, 42, 50, '2025-04-22 12:00:00')
     , (1, 43, 50, '2025-04-22 12:00:00')
     , (1, 44, 50, '2025-04-22 12:00:00')
     , (1, 45, 50, '2025-04-22 12:00:00')
     , (1, 46, 50, '2025-04-22 12:00:00')
     , (1, 47, 50, '2025-04-22 12:00:00')
     , (1, 48, 50, '2025-04-22 12:00:00')
     , (1, 49, 50, '2025-04-22 12:00:00')
     , (1, 50, 50, '2025-04-22 12:00:00');
